serial,title,pdf_url,filename,status,error_message,file_size_kb,timestamp
1,"वित्‍त निर्देश-14   16 मई, 2026",https://finance.cg.gov.in/vitt_nirdesh/year_wise/pdf_2026/14.pdf,1_शासकीय_व्यय_में_मितव्ययिता_एवं_वित्तीय_अनुशासन_के_संबंध_में.pdf,ok,,133.14,2026-05-21T01:18:58.474316
2,"वित्‍त निर्देश-42   20 दिसम्‍बर, 2023",https://finance.cg.gov.in/vitt_nirdesh/year_wise/pdf_2023/42.pdf,2_शासकीय_व्यय_में_मितव्ययिता_एवं_वित्तीय_अनुशासन.pdf,ok,,162.85,2026-05-21T01:19:01.626000
3,"वित्‍त निर्देश-20   30 जून, 2021",https://finance.cg.gov.in/vitt_nirdesh/year_wise/pdf_2021/20.pdf,3_शासकीय_व्यय_में_मितव्ययिता_एवं_वित्तीय_अनुशासन.pdf,ok,,82.94,2026-05-21T01:19:03.711671
4,"वित्‍त निर्देश-14   26 अप्रैल, 2021",https://finance.cg.gov.in/vitt_nirdesh/year_wise/pdf_2021/14.pdf,4_शासकीय_व्यय_में_मितव्ययिता_एवं_वित्तीय_अनुशासन.pdf,ok,,1606.38,2026-05-21T01:19:07.144565
5,"वित्‍त निर्देश-19   03 जुलाई, 2020",https://finance.cg.gov.in/vitt_nirdesh/year_wise/pdf_2020/19.pdf,5_शासकीय_व्यय_में_मितव्ययिता_एवं_वित्तीय_अनुशासन.pdf,ok,,90.52,2026-05-21T01:19:09.358660
6,"वित्‍त निर्देश-18   29 जून, 2020",https://finance.cg.gov.in/vitt_nirdesh/year_wise/pdf_2020/18.pdf,6_शासकीय_व्यय_में_मितव्ययिता_एवं_वित्तीय_अनुशासन.pdf,ok,,91.42,2026-05-21T01:19:11.241991
7,"वित्‍त निर्देश-13   02 जून, 2020",https://finance.cg.gov.in/vitt_nirdesh/year_wise/pdf_2020/13.pdf,7_शासकीय_व्यय_में_मितव्ययिता_एवं_वित्तीय_अनुशासन.pdf,ok,,90.2,2026-05-21T01:19:13.596999
8,"वित्‍त निर्देश-12   27 मई, 2020",https://finance.cg.gov.in/vitt_nirdesh/year_wise/pdf_2020/12.pdf,8_शासकीय_व्यय_में_मितव्ययिता_एवं_वित्तीय_अनुशासन.pdf,ok,,205.94,2026-05-21T01:19:15.918028
9,"वित्‍त निर्देश-13   01 जुलाई, 2019",https://finance.cg.gov.in/vitt_nirdesh/year_wise/pdf_2019/13.pdf,9_शासकीय_व्यय_में_मितव्ययिता_एवं_अनुशासन.pdf,ok,,72.75,2026-05-21T01:19:17.819336
10,"वित्‍त निर्देश-57   22 दिसम्‍बर, 2018",https://finance.cg.gov.in/vitt_nirdesh/year_wise/pdf_2018/57.pdf,10_शासकीय_व्यय_में_मितव्ययिता_एवं_अनुशासन.pdf,ok,,91.2,2026-05-21T01:19:20.792648
11,"वित्‍त निर्देश-16   02 मई, 2017",https://finance.cg.gov.in/vitt_nirdesh/year_wise/pdf_2017/16.pdf,11_रिक्त_पदों_पर_नियुक्ति_के_संबंध_में.pdf,ok,,150.52,2026-05-21T01:19:23.089545
12,"वित्‍त निर्देश-26   25 अक्‍टूबर, 2016",https://finance.cg.gov.in/vitt_nirdesh/year_wise/pdf_2016/26.pdf,12_नया_रायपुर_स्थित_कार्यालयों_हेतु_शासकीय_वाहनों_की_ईंधन_सीमा_का_निर्धारण.pdf,ok,,180.24,2026-05-21T01:19:24.862014
13,"वित्‍त निर्देश-10   02 मई, 2016",https://finance.cg.gov.in/vitt_nirdesh/year_wise/pdf_2016/10.pdf,13_रिक्‍त_पदों_पर_नियुक्ति_के_संबंध_में.pdf,ok,,171.16,2026-05-21T01:19:26.652169
14,"वित्‍त निर्देश-07   31 मार्च, 2016",https://finance.cg.gov.in/vitt_nirdesh/year_wise/pdf_2016/07.pdf,14_शासकीय_वाहनों_की_पात्रता_एवं_क्रय.pdf,ok,,141.22,2026-05-21T01:19:28.950161
15,"वित्‍त निर्देश-12   02 मई, 2015",https://finance.cg.gov.in/vitt_nirdesh/year_wise/pdf_2015/12.pdf,15_रिक्‍त_पदों_पर_नियुक्ति_के_संबंध_में.pdf,ok,,171.75,2026-05-21T01:19:31.639099
16,"वित्‍त निर्देश-25   25 अप्रैल, 2014",https://finance.cg.gov.in/vitt_nirdesh/year_wise/pdf_2014/25.pdf,16_अधिकारियों_को_शासकीय_दूरभाष_की_सुविधा_के_संबंध_में_।.pdf,ok,,138.41,2026-05-21T01:19:33.175332
17,"वित्‍त निर्देश-20   11 अप्रैल, 2014",https://finance.cg.gov.in/vitt_nirdesh/year_wise/pdf_2014/20.pdf,17_अधिकारियों_को_शासकीय_दूरभाष_की_सुविधा_के_संबंध_में_।.pdf,ok,,184.06,2026-05-21T01:19:35.590208
18,"वित्‍त निर्देश-29   14 जून, 2013",https://finance.cg.gov.in/vitt_nirdesh/year_wise/pdf_2013/29.pdf,18_अधिकारियों_को_शासकीय_दूरभाष_की_सुविधा_के_संबंध_में।.pdf,ok,,39.59,2026-05-21T01:19:37.613202
19,"वित्‍त निर्देश-70   31 अक्‍टूबर, 2012",https://finance.cg.gov.in/vitt_nirdesh/year_wise/pdf_2012/70.pdf,19_राज्‍य_मंत्रालय_के_नवीन_भवन_में_स्‍थानांतरण_के_फलस्‍वरूप_शासकीय_वाहनों_की_ईंधन_सीमा_में_वृद्धि।.pdf,ok,,49.5,2026-05-21T01:19:39.193563
20,"वित्‍त निर्देश-53   23 जुलाई, 2012",https://finance.cg.gov.in/vitt_nirdesh/year_wise/pdf_2012/53.pdf,20_शासकीय_व्‍यय_में_मितव्‍ययिता_एवं_अनुशासन।.pdf,ok,,988.61,2026-05-21T01:19:42.117883
21,"वित्‍त निर्देश-35   16 अगस्‍त, 2011",https://finance.cg.gov.in/vitt_nirdesh/year_wise/pdf_2011/35.pdf,21_अधिकारियों_को_शासकीय_दूरभाष_की_सुविधा_के_संबंध_में।.pdf,ok,,50.9,2026-05-21T01:19:44.561155
22,"वित्‍त निर्देश-39   06 अक्‍टूबर, 2010",https://finance.cg.gov.in/vitt_nirdesh/year_wise/pdf_2010/39.pdf,22_अधिकारियों_को_शासकीय_दूरभाष_की_सुविधा_के_संबंध_में.pdf,ok,,42.76,2026-05-21T01:19:46.699962
23,"वित्‍त निर्देश-22   13 मई, 2010",https://finance.cg.gov.in/vitt_nirdesh/year_wise/pdf_2010/22.pdf,23_राज्‍य_में_नियुक्तियों_पर_प्रतिबंध_-बस्‍तर_संभाग_हेतु_शिथिलीकरण.pdf,ok,,41.31,2026-05-21T01:19:48.311426
24,"वित्‍त निर्देश-37   01 दिसम्‍बर, 2009",https://finance.cg.gov.in/vitt_nirdesh/year_wise/pdf_2009/37.pdf,24_अधिकारियों_को_शासकीय_दूरभाष_की_सुविधा_के_संबंध_में_।.pdf,ok,,170.94,2026-05-21T01:19:50.133758
25,"वित्‍त निर्देश-36   01 दिसम्‍बर, 2009",https://finance.cg.gov.in/vitt_nirdesh/year_wise/pdf_2009/36.pdf,25_शासकीय_वाहनों_की_पात्रता_एवं_क्रय_।.pdf,ok,,97.8,2026-05-21T01:19:52.561473
26,"वित्‍त निर्देश-28-अ   07 अगस्‍त, 2007",https://finance.cg.gov.in/vitt_nirdesh/year_wise/pdf_2007/28-A.pdf,26_शासकीय_व्‍यय_में_मितव्‍यता_तथा_वित्‍तीय_अनुशासन.pdf,ok,,70.7,2026-05-21T01:19:54.900049
27,"वित्‍त निर्देश-23   10 अगस्‍त, 2006",https://finance.cg.gov.in/vitt_nirdesh/year_wise/pdf_2006/23.pdf,27_इंडियन_एयर_लाईन्‍स_में_यात्रा_हेतु_सुपर_सेवर_उत्‍सव_प्‍लस_योजना_के_तहत_टिकट_क्रय_करने_बाबत्.pdf,ok,,288.14,2026-05-21T01:19:57.461772
28,"वित्‍त निर्देश-07   13 मार्च, 2006",https://finance.cg.gov.in/vitt_nirdesh/year_wise/pdf_2006/07.pdf,28_देयकों_के_आहरण_पर_प्रतिबंध.pdf,ok,,75.71,2026-05-21T01:19:59.528258
29,"वित्‍त निर्देश-04   20 जनवरी, 2006",https://finance.cg.gov.in/vitt_nirdesh/year_wise/pdf_2006/04.pdf,29_वर्ष_2005-06_के_बजट_में_प्रावधानित_राशि_से_15_जनवरी_2006_के_बाद_क्रय_पर_प्रतिबंध.pdf,ok,,106.23,2026-05-21T01:20:01.606629
30,"वित्‍त निर्देश-08   09 मार्च, 2005",https://finance.cg.gov.in/vitt_nirdesh/year_wise/pdf_2005/08.pdf,30_देयकों_के_आहरण_पर_प्रतिबंध।.pdf,ok,,65.41,2026-05-21T01:20:03.370930
31,"वित्‍त निर्देश-07   09 मार्च, 2005",https://finance.cg.gov.in/vitt_nirdesh/year_wise/pdf_2005/07.pdf,31_वर्ष_2004-005_के_बजट_में_प्रावधानित_राशि_से_28_फरवरी_2005_के_बाद_क्रय_पर_प्रतिबंध।.pdf,ok,,62.64,2026-05-21T01:20:05.773113
32,"वित्‍त निर्देश-05   15 फरवरी, 2005",https://finance.cg.gov.in/vitt_nirdesh/year_wise/pdf_2005/05.pdf,"32_वर्ष_2004-05_के_बजट_में_प्रावधानित_राशि_से_15_फरवरी,_2005_के_बाद_क्रय_पर_प्रतिबंध।.pdf",ok,,61.97,2026-05-21T01:20:07.575023
33,"वित्‍त निर्देश-01   12 जनवरी, 2005",https://finance.cg.gov.in/vitt_nirdesh/year_wise/pdf_2005/01.pdf,"33_वर्ष_2004-2005_के_बजट_में_प्रावधिानित_राशि_से_फरवरी,_2005_के_बाद_क्रय_पर_प्रतिबंध।.pdf",ok,,82.92,2026-05-21T01:20:09.746991
34,"वित्‍त निर्देश-15   06 मार्च, 2004",https://finance.cg.gov.in/vitt_nirdesh/year_wise/pdf_2004/15.pdf,34_देयकों_के_आहरण_पर_प्रतिबंध_।.pdf,ok,,43.41,2026-05-21T01:20:12.069605
35,"वित्‍त निर्देश-07   15 जनवरी, 2004",https://finance.cg.gov.in/vitt_nirdesh/year_wise/pdf_2004/07.pdf,"35_वर्ष_2003-2004_के_बजट_में_प्रावधानित_राशि_से_15_जनवरी,_2004_के_बाद_क्रय_पर_प्रतिबंद्ध_।.pdf",ok,,20.92,2026-05-21T01:20:14.151875
36,"वित्‍त निर्देश-57   02 दिसम्‍बर, 2003",https://finance.cg.gov.in/vitt_nirdesh/year_wise/pdf_2003/57.pdf,36_दूरभाष_यंत्र_पर_निर्धारित_सीमा_से_अधिक_हुए_व्‍यय_के_प्रस्‍ताव_वित्‍त_विभाग_को_भेजते_समय_आवश्‍यक_निर्देश.pdf,ok,,66.29,2026-05-21T01:20:15.691838
37,"वित्‍त निर्देश-08   06 मार्च, 2003",https://finance.cg.gov.in/vitt_nirdesh/year_wise/pdf_2003/08.pdf,37_देयकों_के_आहरण_पर_प्रतिबंध.pdf,ok,,53.42,2026-05-21T01:20:17.842202
38,"वित्‍त निर्देश-07   27 फरवरी, 2003",https://finance.cg.gov.in/vitt_nirdesh/year_wise/pdf_2003/07.pdf,38_देयकों_के_आहरण_पर_प्रतिबंध.pdf,ok,,56.78,2026-05-21T01:20:20.128510
39,"वित्‍त निर्देश-06   11 फरवरी, 2003",https://finance.cg.gov.in/vitt_nirdesh/year_wise/pdf_2003/06.pdf,"39_वर्ष_2002-2003_के_बजट_में_प्रावधानित_राशि_से_31_जनवरी,_2003_के_बाद_क्रय_पर_प्रतिबंध.pdf",ok,,36.63,2026-05-21T01:20:21.584980
40,"वित्‍त निर्देश-30   05 जून, 2002",https://finance.cg.gov.in/vitt_nirdesh/year_wise/pdf_2002/30.pdf,40_शासकीय_व्‍यय_में_मितव्‍ययता_तथा_वित्‍तीय_अनुशासन.pdf,ok,,71.55,2026-05-21T01:20:23.302940
41,"वित्‍त निर्देश-23   01 मई, 2002",https://finance.cg.gov.in/vitt_nirdesh/year_wise/pdf_2002/23.pdf,41_शासकीय_व्‍यय_में_मितव्‍ययता_तथा_वित्‍तीय_अनुशासन.pdf,ok,,61.43,2026-05-21T01:20:25.455430
42,"वित्‍त निर्देश-22   01 मई, 2002",https://finance.cg.gov.in/vitt_nirdesh/year_wise/pdf_2002/22.pdf,42_शासकीय_व्‍यय_में_मितव्‍ययता_तथा_वित्‍तीय_अनुशासन.pdf,ok,,62.78,2026-05-21T01:20:27.442157
43,"वित्‍त निर्देश-09   26 फरवरी, 2002",https://finance.cg.gov.in/vitt_nirdesh/year_wise/pdf_2002/09.pdf,43_शासकीय_व्‍यय_में_मितव्‍ययता_तथा_वित्‍तीय_अनुशासन.pdf,ok,,81.22,2026-05-21T01:20:29.515713
44,"वित्‍त निर्देश-01   16 जनवरी, 2002",https://finance.cg.gov.in/vitt_nirdesh/year_wise/pdf_2002/01.pdf,44_क्रय_पर_प्रतिबंध.pdf,ok,,39.13,2026-05-21T01:20:31.519782
45,"वित्‍त निर्देश-21   11 अक्‍टूबर, 2001",https://finance.cg.gov.in/vitt_nirdesh/year_wise/pdf_2001/21.pdf,45_वित्‍तीय_संकट_से_निपटने_के_उपाय.pdf,ok,,34.4,2026-05-21T01:20:33.620099
